
INSERT INTO teacher (tno, tname) VALUES ('15004', '石永仁');

INSERT INTO teacher (tno, tname) VALUES ('15001', '李丽双');

INSERT INTO teacher (tno, tname) VALUES ('15005', '高爱国');

INSERT INTO teacher (tno, tname) VALUES ('15006', '张永强');

INSERT INTO teacher (tno, tname) VALUES ('15003', '郑寒影');

INSERT INTO teacher (tno, tname) VALUES ('15002', '李勇');


 

INSERT INTO course (cno, cname) VALUES ('1223', '土壤地理学');

INSERT INTO course (cno, cname) VALUES ('1222', '高等数学（文）');

INSERT INTO course (cno, cname) VALUES ('1224', '中级财务');

INSERT INTO course (cno, cname) VALUES ('1213', '决策应用');

INSERT INTO course (cno, cname) VALUES ('1212', '管理统计学');

INSERT INTO course (cno, cname) VALUES ('1214', '系统工程');

INSERT INTO course (cno, cname) VALUES ('1217', '数据库');

INSERT INTO course (cno, cname) VALUES ('1219', '思修');

INSERT INTO course (cno, cname) VALUES ('1218', '会计学');

INSERT INTO course (cno, cname) VALUES ('1221', '高等数学（理工）');

INSERT INTO course (cno, cname) VALUES ('1220', '马原');

INSERT INTO course (cno, cname) VALUES ('1230', '项目管理');

INSERT INTO course (cno, cname) VALUES ('1216
', '网络经济学');

INSERT INTO course (cno, cname) VALUES ('1215', '系统分析与设计');


     

INSERT INTO tc_schedule (tno, tname, cno, cname, classroom, object, week, time) VALUES ('15005', '高爱国', '1223', '土壤地理学', 'a342', '土地1501', 2, 1);

INSERT INTO tc_schedule (tno, tname, cno, cname, classroom, object, week, time) VALUES ('15004', '石永仁', '1216', '系统分析与设计', 'c411', '信息1501', 2, 2);

INSERT INTO tc_schedule (tno, tname, cno, cname, classroom, object, week, time) VALUES ('15004', '石永仁', '1213', '决策应用', 'b222', '工商1501', 1, 1);

INSERT INTO tc_schedule (tno, tname, cno, cname, classroom, object, week, time) VALUES ('15006', '张永强', '1217', '数据库', 'b224', '信息1501', 1, 1);

INSERT INTO tc_schedule (tno, tname, cno, cname, classroom, object, week, time) VALUES ('15005', '高爱国', '1230', '项目管理', 'b109', '信息1501', 3, 1);


                                                  